company_name,job_title,location,salary,employment_type,seniority,category,applications,posted_date,search_term,job_url,scraped_date
MOLEX SINGAPORE PTE. LTD.,Senior NPI Engineer,West,"$4,500to$6,000 Monthly",Permanent ...,Executive,Engineering ...,14 applications,Posted 6 days ago,NPI engineer,https://www.mycareersfuture.gov.sg/job/engineering/senior-npi-engineer-molex-singapore-3fee417e9b4177059c67378e7bc23513?source=MCF&event=Search,2026-01-14
NETWORKINGAI PTE. LTD.,NPI /  Project Engineer,North,"$4,000to$4,900 Monthly",Full Time,Middle Management,Design ...,1 application,Posted 8 days ago,NPI engineer,https://www.mycareersfuture.gov.sg/job/design/npi-project-engineer-microcast-dbe07eac650f122000bfea9f57f72f97?source=MCF&event=Search,2026-01-14
LUMINARY SERVICE PTE. LTD.,HR Manager,Central,"$7,000to$12,800 Monthly",Full Time,Manager,Admin / Secretarial ...,72 applications,Posted 2 days ago,NPI engineer,https://www.mycareersfuture.gov.sg/job/admin/hr-manager-luminary-service-9bbf9bb553a62eebf88766dd89599413?source=MCF&event=SuggestedJob,2026-01-14
CHAWK TECHNOLOGY INT'L (SINGAPORE) PTE. LTD.,NPI Engineer,North,"$3,300to$4,000 Monthly",Full Time,Junior Executive,Engineering ...,2 applications,Posted 8 days ago,NPI engineer,https://www.mycareersfuture.gov.sg/job/engineering/npi-engineer-chawk-technology-intl-c731dd0aaf09bacaf8c3641d42f1851a?source=MCF&event=Search,2026-01-14
STATS CHIPPAC PTE. LTD.,NPI Engineer(Manufacturing),North,"$1,800to$2,400 Monthly",Full Time,Junior Executive,Engineering,2 applications,Posted 8 days ago,NPI engineer,https://www.mycareersfuture.gov.sg/job/engineering/npi-engineer-stats-chippac-e88130d9af289d723db61936eb61a91a?source=MCF&event=Search,2026-01-14
INGRASYS (SINGAPORE) PTE. LTD.,NPI Engineer,Islandwide,"$3,600to$5,000 Monthly",Permanent ...,Executive,Manufacturing ...,1 application,Posted 9 days ago,NPI engineer,https://www.mycareersfuture.gov.sg/job/manufacturing/npi-engineer-ingrasys-a80c081885e63a6ead601560d1352c71?source=MCF&event=Search,2026-01-14
ETLA LIMITED,NPI Engineer (Sheetmetal),East,"$3,500to$5,000 Monthly",Full Time,Middle Management,Engineering,3 applications,Posted 12 days ago,NPI engineer,https://www.mycareersfuture.gov.sg/job/engineering/npi-engineer-etla-cc1b2f8972d5a3205c7657dc4ad38050?source=MCF&event=Search,2026-01-14
ETLA LIMITED,"NPI Engineer, Precision Machining",East,"$3,500to$5,000 Monthly",Full Time,Middle Management,Engineering ...,4 applications,Posted 12 days ago,NPI engineer,https://www.mycareersfuture.gov.sg/job/engineering/npi-engineer-precision-machining-etla-94d2c2aecdc07bd1d6eb50805eba029a?source=MCF&event=Search,2026-01-14
TALENT TRADER GROUP PTE. LTD.,Urgent: NPI  /  Product Engineer (MNC | Semiconductor | Electronics),Islandwide,"$3,500to$5,000 Monthly",Permanent,Executive,Engineering,35 applications,Posted 14 days ago,NPI engineer,https://www.mycareersfuture.gov.sg/job/engineering/urgent-npi-product-engineer-talent-trader-group-a974799daa2f62b15ba982475f1bf750?source=MCF&event=Search,2026-01-14
INGRASYS (SINGAPORE) PTE. LTD.,NPI Engineer,Islandwide,"$3,600to$4,800 Monthly",Permanent ...,Senior Executive,Engineering ...,1 application,Posted 14 days ago,NPI engineer,https://www.mycareersfuture.gov.sg/job/engineering/npi-engineer-ingrasys-325806f5623272e59c38c380d3d9fbfc?source=MCF&event=Search,2026-01-14
SEARCH STAFFING SERVICES PTE. LTD.,NPI Mechatronics Engineer,East,"$4,000to$6,000 Monthly",Permanent ...,Executive,Engineering ...,3 applications,Posted 15 days ago,NPI engineer,https://www.mycareersfuture.gov.sg/job/engineering/npi-mechatronics-engineer-search-staffing-services-f8b50be33056a5de8ee6e65bb2c86018?source=MCF&event=Search,2026-01-14
RECRUIT LYNC PTE. LTD.,NPI - Assistant QA Engineer (Manufacturing Industry) | 5 days,East,"$2,500to$3,000 Monthly",Permanent ...,Junior Executive,Professional Services,0 application,Posted 25 days ago,NPI engineer,https://www.mycareersfuture.gov.sg/job/professional-services/npi-assistant-qa-engineer-5-days-recruit-lync-00b785d818b73e1d16d25b1e074a0212?source=MCF&event=Search,2026-01-14
SECRETLAB SG PTE. LTD.,Senior NPI Engineer,North,"$8,000to$10,000 Monthly",Permanent ...,Professional,Manufacturing,29 applications,Posted 26 days ago,NPI engineer,https://www.mycareersfuture.gov.sg/job/manufacturing/senior-npi-engineer-secretlab-sg-0f158e4bb8264b0efc5e967d852842e7?source=MCF&event=Search,2026-01-14
2KBROS ENGINEERING PTE. LTD.,Accounts & HR Admin Executive,Central,"$2,500to$4,500 Monthly",Permanent,Junior Executive,Accounting / Auditing / Taxation ...,28 applications,Posted 4 days ago,NPI engineer,https://www.mycareersfuture.gov.sg/job/accounting/accounts-hr-admin-executive-2kbros-engineering-aa4f476d223e9e570976859b9a76d49b?source=MCF&event=SuggestedJob,2026-01-14
UNITED TEST AND ASSEMBLY CENTER LTD,Senior  /  Engineer - NPI,Islandwide,"$3,800to$6,800 Monthly",Permanent ...,Executive,Engineering,12 applications,Posted 29 days ago,NPI engineer,https://www.mycareersfuture.gov.sg/job/engineering/senior-engineer-npi-united-test-assembly-center-9bb1dd8c7290c6ea275b45cd00a0e40c?source=MCF&event=Search,2026-01-14
SINOLOGISTICS  OVERSEAS PTE. LTD.,Senior Accountant,Central,"$4,000to$6,000 Monthly",Full Time,Manager,Accounting / Auditing / Taxation,30 applications,Posted 3 days ago,NPI engineer,https://www.mycareersfuture.gov.sg/job/accounting/senior-accountant-sinologistics-overseas-49d00a546268a9933295d66d2eefd6e0?source=MCF&event=SuggestedJob,2026-01-14
BUSINESS EDGE PERSONNEL SERVICES PTE LTD,Admin Receptionist,Central,"$3,000to$4,500 Monthly",Full Time,Junior Executive,Admin / Secretarial,68 applications,Posted 2 days ago,NPI engineer,https://www.mycareersfuture.gov.sg/job/admin/admin-receptionist-business-edge-personnel-services-68b5c9961b9ab624b36f2ccca4793c82?source=MCF&event=SuggestedJob,2026-01-14
GCL GLOBAL PTE. LTD.,Senior Accountant,North,"$5,500to$7,000 Monthly",Full Time,Professional,Accounting / Auditing / Taxation,28 applications,Posted 2 days ago,NPI engineer,https://www.mycareersfuture.gov.sg/job/accounting/senior-accountant-gcl-global-81aa30b159ca01445fca0d4fc20914eb?source=MCF&event=SuggestedJob,2026-01-14
NAFA SYSTEM SERVICES PTE LTD,Admin Assistant,East,"$2,500to$3,000 Monthly",Permanent ...,Non-executive,Admin / Secretarial,33 applications,Posted 2 days ago,NPI engineer,https://www.mycareersfuture.gov.sg/job/admin/admin-assistant-nafa-system-services-344e431e25b737b93cb87987505dfd5a?source=MCF&event=SuggestedJob,2026-01-14
LATE APRIL PTE. LTD.,Accountant (Family Office),East,"$3,000to$4,500 Monthly",Part Time ...,Senior Executive,Accounting / Auditing / Taxation,33 applications,Posted 4 days ago,NPI engineer,https://www.mycareersfuture.gov.sg/job/accounting/accountant-late-april-a175242e2d1ac509eca9e377e1e4d27b?source=MCF&event=SuggestedJob,2026-01-14
HEARTLAND FAMILY CLINIC PTE. LTD.,Patient Service Associate  /  Clinic Assistant (Permanent Part-time),North,"$200to$2,600 Monthly",Part Time,Fresh/entry level,Admin / Secretarial ...,23 applications,Posted 2 days ago,NPI engineer,https://www.mycareersfuture.gov.sg/job/admin/patient-service-associate-clinic-assistant-heartland-family-clinic-d7e7af2fa4cb7cceeffdb111ec84accc?source=MCF&event=SuggestedJob,2026-01-14
COZY CREATIONS MANUFACTURING PTE. LTD.,WAREHOUSE SUPERVISOR,East,"$3,000to$5,000 Monthly",Full Time,Middle Management,Logistics / Supply Chain,33 applications,Posted 4 days ago,NPI engineer,https://www.mycareersfuture.gov.sg/job/logistics/warehouse-supervisor-cozy-creations-manufacturing-5e298640e2a29acb34297133f59f4e75?source=MCF&event=SuggestedJob,2026-01-14
RANDSTAD PTE. LIMITED,Executive Assistant,Central,"$5,500to$7,500 Monthly",Permanent,Senior Executive,Admin / Secretarial,125 applications,Posted 4 days ago,NPI engineer,https://www.mycareersfuture.gov.sg/job/admin/executive-assistant-randstad-e4a48fba80b9fe4999012db3678a268a?source=MCF&event=SuggestedJob,2026-01-14
RECRUIT EXPRESS PTE LTD,"*New* Admin Assistant (Office Hours, 5 Days, No Experience Required – Training Provided) #HJG",Central,"$1,500to$3,500 Monthly",Temporary ...,Fresh/entry level,Admin / Secretarial ...,61 applications,Posted 3 days ago,NPI engineer,https://www.mycareersfuture.gov.sg/job/admin/new-admin-assistant-hjg-recruit-express-be9059d435b80b8948c3d4f28c179b41?source=MCF&event=SuggestedJob,2026-01-14
RAPIDO LOGISTICS PTE. LTD.,LOGISTICS MANAGER,Central,"$7,500to$11,000 Monthly",Full Time,Manager,Logistics / Supply Chain,78 applications,Posted 4 days ago,NPI engineer,https://www.mycareersfuture.gov.sg/job/logistics/logistics-manager-rapido-logistics-a31c128f720657a45546800411226eef?source=MCF&event=SuggestedJob,2026-01-14
APCO WORLDWIDE ADVISORY SERVICES PTE. LIMITED,Executive Assistant,Central,"$4,000to$7,500 Monthly",Permanent,Executive,Admin / Secretarial,40 applications,Posted 2 days ago,NPI engineer,https://www.mycareersfuture.gov.sg/job/admin/executive-assistant-apco-worldwide-advisory-services-fc627909f340d43f1afae4c7e132a4a2?source=MCF&event=SuggestedJob,2026-01-14
JCPARTNERS PAC,Admin Executive,Central,"$3,000to$3,300 Monthly",Full Time,Executive,Accounting / Auditing / Taxation ...,49 applications,Posted 2 days ago,NPI engineer,https://www.mycareersfuture.gov.sg/job/accounting/admin-executive-jcpartners-pac-3b44509476f59e30dd2ed9920629867d?source=MCF&event=SuggestedJob,2026-01-14
LUMINARY SERVICE PTE. LTD.,Finance Manager,Central,"$9,000to$16,800 Monthly",Full Time,Manager,Accounting / Auditing / Taxation ...,125 applications,Posted 2 days ago,NPI engineer,https://www.mycareersfuture.gov.sg/job/accounting/finance-manager-luminary-service-0f6794aeb93a1f1865b4846ee47d5f22?source=MCF&event=SuggestedJob,2026-01-14
GOLDVEIN PTE. LTD.,Group Finance Manager,Central,"$8,000to$10,000 Monthly",Permanent,Senior Management,Accounting / Auditing / Taxation,51 applications,Posted 2 days ago,NPI engineer,https://www.mycareersfuture.gov.sg/job/accounting/group-finance-manager-goldvein-1cfb49285695c5705b1df03e42d94360?source=MCF&event=SuggestedJob,2026-01-14
TATA COMMUNICATIONS INTERNATIONAL PTE. LTD.,Global Brand & Regional Marketing Head,North,"$17,000to$24,000 Monthly",Permanent ...,Senior Management,Marketing / Public Relations,39 applications,Posted 2 days ago,NPI engineer,https://www.mycareersfuture.gov.sg/job/marketing/global-brand-regional-marketing-head-tata-communications-international-e1160806280f2619d96ff1dcb6b31a4f?source=MCF&event=SuggestedJob,2026-01-14
MIDAS ENVIRONMENT BUILDER PTE. LTD.,Admin Cum Account,North,"$2,800to$4,200 Monthly",Part Time ...,Senior Executive,Accounting / Auditing / Taxation,7 applications,Posted 2 days ago,NPI engineer,https://www.mycareersfuture.gov.sg/job/accounting/admin-cum-account-midas-environment-builder-4496d8436d598cc1cd4ed41fee15e709?source=MCF&event=SuggestedJob,2026-01-14
PELYNOOBAKES PTE. LTD.,Part Time Cookie Packer,North,"$1,760to$1,800 Monthly",Temporary,Fresh/entry level,F&B,10 applications,Posted 3 days ago,NPI engineer,https://www.mycareersfuture.gov.sg/job/food-and-beverage/part-time-cookie-packer-pelynoobakes-d80ca9de9bc1558965a3def7b41b75b6?source=MCF&event=SuggestedJob,2026-01-14
RAPIDO LOGISTICS PTE. LTD.,LOGISTICS MANAGER,Central,"$7,500to$11,000 Monthly",Full Time,Manager,Logistics / Supply Chain,78 applications,Posted 4 days ago,program engineer electronics,https://www.mycareersfuture.gov.sg/job/logistics/logistics-manager-rapido-logistics-a31c128f720657a45546800411226eef?source=MCF&event=SuggestedJob,2026-01-14
RECRUIT EXPRESS PTE LTD,"*New* Admin Assistant (Office Hours, 5 Days, No Experience Required – Training Provided) #HJG",Central,"$1,500to$3,500 Monthly",Temporary ...,Fresh/entry level,Admin / Secretarial ...,61 applications,Posted 3 days ago,program engineer electronics,https://www.mycareersfuture.gov.sg/job/admin/new-admin-assistant-hjg-recruit-express-be9059d435b80b8948c3d4f28c179b41?source=MCF&event=SuggestedJob,2026-01-14
STAFFKING PTE. LTD.,Product Engineer  /  Manufacturing Engineer (NPI / Manufacturing / High Precision),Islandwide,"$3,500to$5,500 Monthly",Permanent ...,Executive,Engineering,2 applications,Posted today,manufacturing engineer,https://www.mycareersfuture.gov.sg/job/engineering/product-engineer-manufacturing-engineer-staffking-6f060a06e9c9e7d0e5d6686c153505d4?source=MCF&event=Search,2026-01-14
ANRADUS PTE. LTD.,Manufacturing Engineer (Plastic) #79721,Islandwide,"$2,800to$3,500 Monthly",Permanent ...,Fresh/entry level,Manufacturing ...,0 application,Posted today,manufacturing engineer,https://www.mycareersfuture.gov.sg/job/manufacturing/manufacturing-engineer-79721-anradus-408d83d50ebba0f54aa7477b59f0e650?source=MCF&event=Search,2026-01-14
ACCELERATED MATERIALS PTE. LTD.,Technical Business Development Manager (Semiconductor & Electronics Materials),Islandwide,"$8,000to$12,000 Monthly",Full Time,Manager,Engineering ...,12 applications,Posted 14 days ago,manufacturing engineer,https://www.mycareersfuture.gov.sg/job/engineering/technical-business-development-manager-accelerated-materials-e6541f5ddc5db22a964c476dabe7d0c9?source=MCF&event=SuggestedJob,2026-01-14
RECRUIT EXPRESS PTE LTD,Manufacturing Engineer (Aerospace)  -  5 days office hour#HHL,Islandwide,"$4,200to$6,000 Monthly",Contract ...,Executive,Engineering ...,1 application,Posted today,manufacturing engineer,https://www.mycareersfuture.gov.sg/job/engineering/manufacturing-engineer-5-days-office-hourhhl-recruit-express-6d87d80f9780b4ac412eceee7c8cc4b2?source=MCF&event=Search,2026-01-14
PERSOL SINGAPORE PTE. LTD.,Manufacturing Engineer (Semi Conductor),Central,"$3,800to$5,200 Monthly",Contract ...,Non-executive,Engineering,2 applications,Posted today,manufacturing engineer,https://www.mycareersfuture.gov.sg/job/engineering/manufacturing-engineer-persol-singapore-76a3fb113550332cecf9955da84ee2b8?source=MCF&event=Search,2026-01-14
RECRUIT EXPRESS PTE LTD,"Manufacturing Engineer (Aerospace, Mechanical) #ESY",Central,"$4,500to$7,000 Monthly",Permanent ...,Professional,Engineering ...,0 application,Posted today,manufacturing engineer,https://www.mycareersfuture.gov.sg/job/engineering/manufacturing-engineer-esy-recruit-express-ea67b76f0a71c4174337992d1a14ac3d?source=MCF&event=Search,2026-01-14
RN CARE PTE. LTD.,Engineering Assistant (Manufacturing),North,"$2,000to$2,800 Monthly",Permanent,Fresh/entry level,Engineering ...,0 application,Posted today,manufacturing engineer,https://www.mycareersfuture.gov.sg/job/engineering/engineering-assistant-rn-care-034f3737478e6a55a6bd62e1f9429440?source=MCF&event=Search,2026-01-14
AP TECHNOLOGIES GROUP PTE. LTD.,Production Engineer,West,"$4,000to$5,000 Monthly",Full Time,Professional,Engineering ...,18 applications,Posted today,manufacturing engineer,https://www.mycareersfuture.gov.sg/job/engineering/production-engineer-ap-technologies-group-76ea138913c8dcf9c74f9f6b12150e09?source=MCF&event=Search,2026-01-14
RECRUIT EXPRESS PTE LTD,"*Entry Level* Manufacturing Engineer (On Job Training Provided!) (Up to $4,200)  #NJA",Islandwide,"$4,000to$4,200 Monthly",Contract ...,Fresh/entry level,Engineering ...,1 application,Posted today,manufacturing engineer,https://www.mycareersfuture.gov.sg/job/engineering/entry-level-manufacturing-engineer-nja-recruit-express-d3ee4a58902961b223693af472aa78be?source=MCF&event=Search,2026-01-14
RECRUIT EXPERT PTE. LTD.,"Manufacturing Engineer (Tuas, Precision / Metal Fabrication)",Central,"$3,000to$4,500 Monthly",Permanent,Executive,Engineering ...,0 application,Posted yesterday,manufacturing engineer,https://www.mycareersfuture.gov.sg/job/engineering/manufacturing-engineer-recruit-expert-d8da9b70f511b29906af3986daae36c8?source=MCF&event=Search,2026-01-14
RECRUIT EXPERT PTE. LTD.,"Manufacturing Engineer (High-Tech, High-Vol Manufacturing, 12-Hour Shift)",Central,"$3,500to$5,500 Monthly",Full Time,Executive,Engineering,0 application,Posted yesterday,manufacturing engineer,https://www.mycareersfuture.gov.sg/job/engineering/manufacturing-engineer-recruit-expert-5a38219c2f46787fcfdf690db094bbe0?source=MCF&event=Search,2026-01-14
JABIL CIRCUIT (SINGAPORE) PTE. LTD.,Manufacturing Engineer (Industrial Engineer),East,"$3,000to$4,200 Monthly",Permanent ...,Executive,Engineering ...,4 applications,Posted yesterday,manufacturing engineer,https://www.mycareersfuture.gov.sg/job/engineering/manufacturing-engineer-jabil-circuit-c61143cda7f7fa33b96a6012f4efc532?source=MCF&event=Search,2026-01-14
GMP TECHNOLOGIES (S) PTE LTD,Associate Manufacturing Engineer | Semi-con | East,Central,"$2,500to$3,500 Monthly",Full Time,Non-executive,Engineering ...,0 application,Posted yesterday,manufacturing engineer,https://www.mycareersfuture.gov.sg/job/engineering/associate-manufacturing-engineer-semi-con-east-gmp-technologies-6bb85558d6a41c67dec522272400f921?source=MCF&event=Search,2026-01-14
GBS (SINGAPORE) PTE. LTD.,Semiconductor Technician,East,"$2,400to$2,600 Monthly",Full Time,Fresh/entry level,Engineering ...,1 application,Posted 15 days ago,manufacturing engineer,https://www.mycareersfuture.gov.sg/job/engineering/semiconductor-technician-gbs-a50901da7731122d7de3415c5d097fc5?source=MCF&event=SuggestedJob,2026-01-14
QUASAR MEDICAL (SINGAPORE) PTE. LTD.,Sr. Manufacturing Engineer,North,"$5,500to$6,500 Monthly",Full Time,Senior Executive,Manufacturing,2 applications,Posted yesterday,manufacturing engineer,https://www.mycareersfuture.gov.sg/job/manufacturing/sr-manufacturing-engineer-quasar-medical-ea3a3cefd1f8e4f564be10775d6ba964?source=MCF&event=Search,2026-01-14
"GE AVIATION, ENGINE SERVICES - SINGAPORE PTE. LTD.",Manufacturing Engineer,East,"$4,600to$5,700 Monthly",Permanent ...,Fresh/entry level,Engineering ...,17 applications,Posted yesterday,manufacturing engineer,https://www.mycareersfuture.gov.sg/job/engineering/manufacturing-engineer-ge-aviation-engine-services-singapore-c8c7823eb7d232f03eb363cb61b4f6ff?source=MCF&event=Search,2026-01-14
HAMILTON SUNDSTRAND PACIFIC AEROSPACE PTE LTD,Senior Manufacturing Engineer,Islandwide,"$5,000to$8,000 Monthly",Permanent ...,Professional,Design ...,8 applications,Posted yesterday,manufacturing engineer,https://www.mycareersfuture.gov.sg/job/design/senior-manufacturing-engineer-hamilton-sundstrand-pacific-aerospace-6d333df19cd1eee8ba9f2439e0f29772?source=MCF&event=Search,2026-01-14
RN CARE PTE. LTD.,Manufacturing Engineer (CNC),Islandwide,"$4,500to$6,500 Monthly",Permanent,Professional,Engineering ...,3 applications,Posted yesterday,manufacturing engineer,https://www.mycareersfuture.gov.sg/job/engineering/manufacturing-engineer-rn-care-d97c879a5e7b60a759ce29cf017b22d2?source=MCF&event=Search,2026-01-14
ETLA LIMITED,"Technician  /  Engineering Asst  /  Asst Engineers (Assembly, Build and Testing)",East,"$2,000to$3,000 Monthly",Permanent,Executive,Manufacturing,5 applications,Posted yesterday,manufacturing engineer,https://www.mycareersfuture.gov.sg/job/manufacturing/technician-engineering-asst-asst-engineers-etla-59fcea6b1b5ed30e2707672102fde9b4?source=MCF&event=Search,2026-01-14
ANRADUS PTE. LTD.,Manufacturing Engineer #81261,Islandwide,"$3,500to$4,500 Monthly",Permanent ...,Junior Executive,Engineering ...,2 applications,Posted yesterday,manufacturing engineer,https://www.mycareersfuture.gov.sg/job/engineering/manufacturing-engineer-81261-anradus-a93949069d3a47b36c22f5f017db25b3?source=MCF&event=Search,2026-01-14
HKM HR MANAGEMENT PTE. LTD.,CIM Engineer / Manufacturing Systems Engineer (Semiconductor / MES / East Region),West,"$4,000to$7,000 Monthly",Permanent ...,Executive,Engineering ...,2 applications,Posted 2 days ago,manufacturing engineer,https://www.mycareersfuture.gov.sg/job/engineering/cim-engineer-manufacturing-systems-engineer-hkm-hr-management-dc4d8a243acafabb97ba61bf1cb43abb?source=MCF&event=Search,2026-01-14
HKM HR MANAGEMENT PTE. LTD.,"Manufacturing Engineer / Production Supervisor (East Region, 12 hrs Shifts)",West,"$4,000to$5,500 Monthly",Permanent ...,Executive,Engineering ...,20 applications,Posted 2 days ago,manufacturing engineer,https://www.mycareersfuture.gov.sg/job/engineering/manufacturing-engineer-production-supervisor-hkm-hr-management-9d3b751f0a089da0d079638c1af88fcd?source=MCF&event=Search,2026-01-14
HR FACTORS PERSONNEL PTE. LTD.,STAFF MANUFACTURING ENGINEER (US MNC),Islandwide,"$6,500to$7,500 Monthly",Permanent ...,Executive,Engineering ...,6 applications,Posted 2 days ago,manufacturing engineer,https://www.mycareersfuture.gov.sg/job/engineering/staff-manufacturing-engineer-hr-factors-personnel-1b97082099820aafbe810b0a1ad71395?source=MCF&event=Search,2026-01-14
PERSOL SINGAPORE PTE. LTD.,Production / Manufacturing Engineer,Central,"$2,900to$3,000 Monthly",Full Time,Fresh/entry level,Engineering,0 application,Posted 2 days ago,manufacturing engineer,https://www.mycareersfuture.gov.sg/job/engineering/production-manufacturing-engineer-persol-singapore-3144dcbbf09d4d0c29208bd665acea7a?source=MCF&event=Search,2026-01-14
SYSTEMS ON SILICON MANUFACTURING COMPANY PTE LTD,Manufacturing Engineer /  Senior Engineer,East,"$4,000to$8,000 Monthly",Permanent ...,Junior Executive,Manufacturing,6 applications,Posted 2 days ago,manufacturing engineer,https://www.mycareersfuture.gov.sg/job/manufacturing/manufacturing-engineer-senior-engineer-systems-silicon-manufacturing-company-e681fc1dd47defc0372c139c6b15a735?source=MCF&event=Search,2026-01-14
COHERENT SINGAPORE PTE. LTD.,Senior / Lead Manufacturing Engineer,Central,"$4,800to$9,600 Monthly",Full Time,Executive,Manufacturing,10 applications,Posted 2 days ago,manufacturing engineer,https://www.mycareersfuture.gov.sg/job/manufacturing/senior-lead-manufacturing-engineer-coherent-singapore-3a397b3c1e7e9b41d9d9e8c402c2e8c9?source=MCF&event=Search,2026-01-14
IDEA MANAGEMENT SERVICES PTE. LTD.,PRODUCTION ENGINEERING TECHNICIAN,West,"$3,000to$5,000 Monthly",Full Time,Executive,Manufacturing,2 applications,Posted 2 days ago,manufacturing engineer,https://www.mycareersfuture.gov.sg/job/manufacturing/production-engineering-technician-elite-springs-1a7b5d026439de36bdbe8254b2413852?source=MCF&event=Search,2026-01-14
THE SUPREME HR ADVISORY PTE. LTD.,Assistant Engineer ( Manufacturing ) | 1618,Central,"$2,200to$2,500 Monthly",Permanent ...,Junior Executive,Engineering ...,0 application,Posted 2 days ago,manufacturing engineer,https://www.mycareersfuture.gov.sg/job/engineering/assistant-engineer-1618-supreme-hr-advisory-cd188db6cfcd72ff48c5eae6b21cb366?source=MCF&event=Search,2026-01-14
FLEXTRONICS MANUFACTURING (SINGAPORE) PTE. LTD.,Manufacturing Engineering Assistant,Central,"$2,300to$2,800 Monthly",Permanent ...,Fresh/entry level,Manufacturing,2 applications,Posted 2 days ago,manufacturing engineer,https://www.mycareersfuture.gov.sg/job/manufacturing/manufacturing-engineering-assistant-flextronics-manufacturing-a8cd3e2dda1ce14fe1cdfe4dfe546dfe?source=MCF&event=Search,2026-01-14
TRUST RECRUIT PTE. LTD.,Production Engineering Technician (Chemical /  Waste Management /  West),Islandwide,"$2,000to$2,700 Monthly",Full Time,Non-executive,Engineering,0 application,Posted 2 days ago,manufacturing engineer,https://www.mycareersfuture.gov.sg/job/engineering/production-engineering-technician-trust-recruit-95b647b8adcd87f8dfe01d7c85073ac1?source=MCF&event=Search,2026-01-14
PENTA-VENTURA PTE. LTD.,CNC service engineer,West,"$2,800to$3,500 Monthly",Full Time,Non-executive,Repair and Maintenance,2 applications,Posted 2 days ago,manufacturing engineer,https://www.mycareersfuture.gov.sg/job/repair-maintenance/cnc-service-engineer-penta-ventura-f841f46671098d523dca3b0de46844cc?source=MCF&event=Search,2026-01-14
ANTAES ASIA PTE. LTD.,Shift Manufacturing Engineer,Central,"$5,000to$9,000 Monthly",Permanent,Professional,Consulting ...,5 applications,Posted 2 days ago,manufacturing engineer,https://www.mycareersfuture.gov.sg/job/consulting/shift-manufacturing-engineer-antaes-asia-fdb7bbe422971a884ca6f0938e671147?source=MCF&event=Search,2026-01-14
RK RECRUITMENT PTE. LTD.,Manufacturing Engineer (Support),Islandwide,"$3,300to$4,000 Monthly",Permanent ...,Fresh/entry level,Manufacturing,3 applications,Posted 2 days ago,manufacturing engineer,https://www.mycareersfuture.gov.sg/job/manufacturing/manufacturing-engineer-rk-recruitment-ed2ff665bbd2b8405db99209be7497b8?source=MCF&event=Search,2026-01-14
RN CARE PTE. LTD.,Manufacturing Engineer (Machining),Islandwide,"$4,500to$6,500 Monthly",Permanent,Professional,Engineering ...,5 applications,Posted 2 days ago,manufacturing engineer,https://www.mycareersfuture.gov.sg/job/engineering/manufacturing-engineer-rn-care-6c9048a937bdfb5d998b63eb8bd70c43?source=MCF&event=Search,2026-01-14
SILTRONIC SILICON WAFER PTE. LTD.,Manufacturing Engineer,East,"$3,600to$5,000 Monthly",Permanent,Executive,Engineering,8 applications,Posted 3 days ago,manufacturing engineer,https://www.mycareersfuture.gov.sg/job/engineering/manufacturing-engineer-siltronic-silicon-wafer-601e5d763a82588c28636ec285c79184?source=MCF&event=Search,2026-01-14
ANRADUS PTE. LTD.,Manufacturing Technician /  Manufacturing Engineer #80442,Islandwide,"$2,500to$3,000 Monthly",Permanent ...,Fresh/entry level,Manufacturing ...,0 application,Posted 3 days ago,manufacturing engineer,https://www.mycareersfuture.gov.sg/job/manufacturing/manufacturing-technician-manufacturing-engineer-80442-anradus-310d5cf9cf2e14e91be347d49101a7aa?source=MCF&event=Search,2026-01-14
EA RECRUITMENT PTE. LTD.,Production Engineer  /  Manufacturing Engineer (Manufacturing | Medical Devices),Islandwide,"$4,200to$5,000 Monthly",Permanent ...,Executive,Engineering ...,5 applications,Posted 3 days ago,manufacturing engineer,https://www.mycareersfuture.gov.sg/job/engineering/production-engineer-manufacturing-engineer-ea-recruitment-f3ff8aa9731184ab0aee4a8af53c42f7?source=MCF&event=Search,2026-01-14
UNITED MICROELECTRONICS CORPORATION (Singapore Branch),Semiconductor Manufacturing Engineer,East,"$4,400to$6,000 Monthly",Permanent,Executive,Engineering,17 applications,Posted 3 days ago,manufacturing engineer,https://www.mycareersfuture.gov.sg/job/engineering/semiconductor-manufacturing-engineer-united-microelectronics-corporation-b952c0ba8bf57d0c35fbfbb0decc1042?source=MCF&event=Search,2026-01-14
UNITED MICROELECTRONICS CORPORATION (Singapore Branch),Staff Manufacturing Engineer,East,"$6,000to$12,000 Monthly",Permanent,Senior Executive,Engineering,10 applications,Posted 3 days ago,manufacturing engineer,https://www.mycareersfuture.gov.sg/job/engineering/staff-manufacturing-engineer-united-microelectronics-corporation-6e964cb9f441b484c73a1ebc46048bfd?source=MCF&event=Search,2026-01-14
GREENLEAF MEDICAL PRODUCTS PTE. LTD.,Production Engineer,South,"$3,000to$3,000 Monthly",Permanent ...,Junior Executive,Manufacturing,4 applications,Posted 3 days ago,manufacturing engineer,https://www.mycareersfuture.gov.sg/job/manufacturing/production-engineer-greenleaf-medical-products-feb93127ddf5e7e470279f66fef3c21f?source=MCF&event=Search,2026-01-14
AIM RECRUIT CONSULTANCY PTE. LIMITED,Manufacturing Engineer @Tai Seng,Islandwide,"$3,000to$5,000 Monthly",Permanent,Executive,Building and Construction ...,7 applications,Posted 3 days ago,manufacturing engineer,https://www.mycareersfuture.gov.sg/job/building-construction/manufacturing-engineer-tai-seng-aim-recruit-consultancy-8500a941dca02e3a66f13d3641f5dd9c?source=MCF&event=Search,2026-01-14
ATOMRECRUIT PTE. LTD.,Manufacturing Engineer ($5500),North,"$4,500to$5,500 Monthly",Permanent ...,Executive,Engineering,46 applications,Posted 4 days ago,manufacturing engineer,https://www.mycareersfuture.gov.sg/job/engineering/manufacturing-engineer-atomrecruit-501058cdde614d9638f82baff0abd971?source=MCF&event=Search,2026-01-14
AIM RECRUIT CONSULTANCY PTE. LIMITED,Manufacturing Engineer @Tai Seng,Islandwide,"$3,000to$5,000 Monthly",Permanent,Executive,Building and Construction ...,7 applications,Posted 3 days ago,manufacturing engineer,https://www.mycareersfuture.gov.sg/job/building-construction/manufacturing-engineer-tai-seng-aim-recruit-consultancy-8500a941dca02e3a66f13d3641f5dd9c?source=MCF&event=Search,2026-01-14
ATOMRECRUIT PTE. LTD.,Manufacturing Engineer ($5500),North,"$4,500to$5,500 Monthly",Permanent ...,Executive,Engineering,46 applications,Posted 4 days ago,manufacturing engineer,https://www.mycareersfuture.gov.sg/job/engineering/manufacturing-engineer-atomrecruit-501058cdde614d9638f82baff0abd971?source=MCF&event=Search,2026-01-14
RECRUIT LYNC PTE. LTD.,Production Engineer | No Exp Needed!,North,"$3,500to$5,000 Monthly",Permanent ...,Junior Executive,Engineering,5 applications,Posted 4 days ago,manufacturing engineer,https://www.mycareersfuture.gov.sg/job/engineering/production-engineer-exp-needed-recruit-lync-7f04fe4e044e10edf186a8d4ded7f990?source=MCF&event=Search,2026-01-14
TRUST RECRUIT PTE. LTD.,Manufacturing Engineer (Perm Night Shift  /  4334  /  AWS + VB),Central,"$3,500to$4,500 Monthly",Full Time,Executive,Engineering,0 application,Posted 4 days ago,manufacturing engineer,https://www.mycareersfuture.gov.sg/job/engineering/manufacturing-engineer-trust-recruit-53207f1ccc9b232fd9c0988b47e799a8?source=MCF&event=Search,2026-01-14
CELESTICA ELECTRONICS (S) PTE LTD,Production Operations Engineer,South,"$3,600to$4,900 Monthly",Permanent ...,Executive,Engineering ...,5 applications,Posted 4 days ago,manufacturing engineer,https://www.mycareersfuture.gov.sg/job/engineering/production-operations-engineer-celestica-electronics-63d4910212e1fea912ad3b4823011eea?source=MCF&event=Search,2026-01-14
MICRON SEMICONDUCTOR ASIA OPERATIONS PTE. LTD.,"Engineer, Shift Manufacturing",North,"$4,800to$5,500 Monthly",Full Time,Fresh/entry level,Engineering,12 applications,Posted 4 days ago,manufacturing engineer,https://www.mycareersfuture.gov.sg/job/engineering/engineer-shift-manufacturing-micron-semiconductor-asia-operations-69181abdfe83721551672dafb5eff1e4?source=MCF&event=Search,2026-01-14
HKM HR MANAGEMENT PTE. LTD.,CIM Engineer / IT Engineer (Semiconductor / East Region),West,"$4,000to$6,500 Monthly",Permanent ...,Executive,Engineering ...,8 applications,Posted 5 days ago,manufacturing engineer,https://www.mycareersfuture.gov.sg/job/engineering/cim-engineer-engineer-hkm-hr-management-e2923f0cb1ae37479c604db3da34ba29?source=MCF&event=Search,2026-01-14
RECRUIT EXPRESS PTE LTD,"*NEW* Manufacturing Engineer ($4,500 to $5,500) #NJA",Central,"$4,500to$5,500 Monthly",Contract ...,Senior Executive,Engineering ...,2 applications,Posted 5 days ago,manufacturing engineer,https://www.mycareersfuture.gov.sg/job/engineering/new-manufacturing-engineer-nja-recruit-express-81d0b5286774667fb8e0e9981873294c?source=MCF&event=Search,2026-01-14
TEMPSERV PTE. LTD.,Production Technology Engineer (Bedok / Manufacturing Ind.),Islandwide,"$3,300to$4,500 Monthly",Permanent ...,Executive,Engineering ...,0 application,Posted 5 days ago,manufacturing engineer,https://www.mycareersfuture.gov.sg/job/engineering/production-technology-engineer-tempserv-49685be9d1c8d70439c38c8ef18a055e?source=MCF&event=Search,2026-01-14
PRIMESTAFF MANAGEMENT SERVICES PTE LTD,"Production Engineer (Perm, West)",Central,"$4,000to$5,000 Monthly",Permanent,Junior Executive,Engineering,2 applications,Posted 5 days ago,manufacturing engineer,https://www.mycareersfuture.gov.sg/job/engineering/production-engineer-primestaff-management-services-227e100a20b0d89577b1517572ac9aa0?source=MCF&event=Search,2026-01-14
TRITON AI PTE. LTD.,"Production Engineer (Chemical Manufacturing, Normal Working Hours)",Islandwide,"$3,000to$4,500 Monthly",Permanent ...,Executive,Engineering ...,3 applications,Posted 5 days ago,manufacturing engineer,https://www.mycareersfuture.gov.sg/job/engineering/production-engineer-triton-ai-8020a98c1b01cd72b518fc4a29dfb5f4?source=MCF&event=Search,2026-01-14
BARRINGTON JAMES LIMITED Singapore Branch,Senior Manufacturing Engineer,Islandwide,"$5,500to$6,500 Monthly",Permanent,Professional,Engineering ...,17 applications,Posted 5 days ago,manufacturing engineer,https://www.mycareersfuture.gov.sg/job/engineering/senior-manufacturing-engineer-barrington-james-singapore-branch-e89c3c91626e0c98a68002b3db60010a?source=MCF&event=Search,2026-01-14
CRAGAR INDUSTRIES PTE LTD,Manufacturing Engineer,North,"$3,500to$5,500 Monthly",Full Time,Professional,Engineering ...,8 applications,Posted 5 days ago,manufacturing engineer,https://www.mycareersfuture.gov.sg/job/engineering/manufacturing-engineer-cragar-industries-95bcae962635ce3d55727cf04c38b2c1?source=MCF&event=Search,2026-01-14
JTE RECRUIT PTE. LTD.,Manufacturing Engineering Assistant,West,"$2,800to$3,500 Monthly",Permanent ...,Executive,Engineering ...,0 application,Posted 6 days ago,manufacturing engineer,https://www.mycareersfuture.gov.sg/job/engineering/manufacturing-engineering-assistant-jte-recruit-e36b0ef46214d3ed4c0d4b14535f56ae?source=MCF&event=Search,2026-01-14
GRAND VENTURE TECHNOLOGY PRIVATE LIMITED,Manufacturing Process Engineer,East,"$4,000to$4,800 Monthly",Full Time,Senior Executive,Engineering,15 applications,Posted 6 days ago,manufacturing engineer,https://www.mycareersfuture.gov.sg/job/engineering/manufacturing-process-engineer-grand-venture-technology-84aade57d3fd106e3e52e3c32503fbbc?source=MCF&event=Search,2026-01-14
TRIUMPH LEAD (SINGAPORE) PTE. LTD.,Manufacturing Program Engineer (Trainee Program),Central,"$4,500to$5,000 Monthly",Permanent,Fresh/entry level,Manufacturing,3 applications,Posted 6 days ago,manufacturing engineer,https://www.mycareersfuture.gov.sg/job/manufacturing/manufacturing-program-engineer-triumph-lead-e8fc692010eb7defb33ea839f95f0c76?source=MCF&event=Search,2026-01-14
SYSTEMS ON SILICON MANUFACTURING COMPANY PTE LTD,Equipment Senior / Associate Engineer (Thin Film CVD / PVD),East,"$2,500to$4,600 Monthly",Permanent ...,Non-executive,Engineering,3 applications,Posted 6 days ago,manufacturing engineer,https://www.mycareersfuture.gov.sg/job/engineering/equipment-senior-associate-engineer-systems-silicon-manufacturing-company-b8c249942853ba56979801991eef4e22?source=MCF&event=Search,2026-01-14
MURATA ELECTRONICS SINGAPORE (PTE) LTD,Manufacturing Engineer (Monozukuri),North,"$3,900to$5,200 Monthly",Full Time,Executive,Engineering,3 applications,Posted 6 days ago,manufacturing engineer,https://www.mycareersfuture.gov.sg/job/engineering/manufacturing-engineer-murata-electronics-singapore-2806426b22f2914192d66ddc4200908a?source=MCF&event=Search,2026-01-14
APPLIED MATERIALS SOUTH EAST ASIA PTE. LTD.,Manufacturing Engineer (Non-shift),East,"$6,000to$10,000 Monthly",Permanent ...,Executive,Engineering,42 applications,Posted 6 days ago,manufacturing engineer,https://www.mycareersfuture.gov.sg/job/engineering/manufacturing-engineer-applied-materials-south-east-asia-72cbb3a3f0ded78eb0058b6aaa589a51?source=MCF&event=Search,2026-01-14
HKM HR MANAGEMENT PTE. LTD.,"CIM Engineer (Semiconductor, MES / East Region)",West,"$4,000to$6,500 Monthly",Permanent ...,Executive,Engineering ...,0 application,Posted 7 days ago,manufacturing engineer,https://www.mycareersfuture.gov.sg/job/engineering/cim-engineer-hkm-hr-management-5d895d3e0ebd33870ef468a7eb35357e?source=MCF&event=Search,2026-01-14
ANRADUS PTE. LTD.,Sales Engineer (Semiconductor) #77166,Islandwide,"$4,000to$6,000 Monthly",Permanent ...,Junior Executive,Sales / Retail ...,4 applications,Posted yesterday,sales engineer precision,https://www.mycareersfuture.gov.sg/job/sales/sales-engineer-77166-anradus-57de6e3f64ec3e1a9fe613b33905fa0f?source=MCF&event=Search,2026-01-14
RECRUIT LYNC PTE. LTD.,Sales Engineer- Oil and Gas.,North,"$2,800to$4,500 Monthly",Permanent,Executive,Engineering ...,0 application,Posted 2 days ago,sales engineer precision,https://www.mycareersfuture.gov.sg/job/engineering/sales-engineer-oil-gas-recruit-lync-84314a92d4d1448d44f843041e61b170?source=MCF&event=Search,2026-01-14
LUMINARY SERVICE PTE. LTD.,Finance Manager,Central,"$9,000to$16,800 Monthly",Full Time,Manager,Accounting / Auditing / Taxation ...,125 applications,Posted 2 days ago,sales engineer precision,https://www.mycareersfuture.gov.sg/job/accounting/finance-manager-luminary-service-0f6794aeb93a1f1865b4846ee47d5f22?source=MCF&event=SuggestedJob,2026-01-14
RECRUIT LYNC PTE. LTD.,Sales Engineer- Automation.,North,"$2,800to$4,500 Monthly",Permanent,Executive,Engineering ...,0 application,Posted 2 days ago,sales engineer precision,https://www.mycareersfuture.gov.sg/job/engineering/sales-engineer-automation-recruit-lync-64affcc956e0b86b5870230357205662?source=MCF&event=Search,2026-01-14
OPTROTECH PTE. LTD.,Sales Engineer (+Comm. +AWS +VB),South,"$3,000to$3,800 Monthly",Full Time,Executive,Engineering ...,5 applications,Posted 2 days ago,sales engineer precision,https://www.mycareersfuture.gov.sg/job/engineering/sales-engineer-optrotech-0f1cf6e6527232f2d50bcb02028e4e08?source=MCF&event=Search,2026-01-14
EAST LIGHT PTE. LTD.,Sales Engineer (+Comm. +AWS +VB),South,"$3,000to$3,800 Monthly",Full Time,Executive,Engineering ...,2 applications,Posted 2 days ago,sales engineer precision,https://www.mycareersfuture.gov.sg/job/engineering/sales-engineer-east-light-8734e7bbb52080ee936bbfd1b2745b20?source=MCF&event=Search,2026-01-14
WAN LI GD PTE. LTD.,Sales Engineer (+Comm. +AWS +VB),South,"$3,000to$3,800 Monthly",Full Time,Executive,Engineering ...,2 applications,Posted 2 days ago,sales engineer precision,https://www.mycareersfuture.gov.sg/job/engineering/sales-engineer-wan-li-gd-236ec554771649285df290573985c6d8?source=MCF&event=Search,2026-01-14
WEO CORPORATION PTE. LTD.,Sales Engineer (+Comm. +AWS +VB),South,"$3,000to$3,800 Monthly",Full Time,Executive,Engineering ...,2 applications,Posted 2 days ago,sales engineer precision,https://www.mycareersfuture.gov.sg/job/engineering/sales-engineer-weo-corporation-05dcb97f95aa8b10480086b636e08af5?source=MCF&event=Search,2026-01-14
KEYSIGHT TECHNOLOGIES SINGAPORE (SALES) PTE. LTD.,Machine Learning Engineer – Classical ML and Predictive Analytics,North,"$8,239to$10,985 Monthly",Full Time,Executive,Engineering,9 applications,Posted 6 days ago,sales engineer precision,https://www.mycareersfuture.gov.sg/job/engineering/machine-learning-engineer-%E2%80%93-classical-ml-predictive-analytics-keysight-technologies-singapore-ef0ae7f3f52c39150c14ad396c50d3f2?source=MCF&event=Search,2026-01-14
KEYSIGHT TECHNOLOGIES SINGAPORE (SALES) PTE. LTD.,Senior Machine Learning Engineer – Generative AI Platform,North,"$10,321to$13,761 Monthly",Full Time,Executive,Engineering,7 applications,Posted 6 days ago,sales engineer precision,https://www.mycareersfuture.gov.sg/job/engineering/senior-machine-learning-engineer-%E2%80%93-generative-ai-platform-keysight-technologies-singapore-5d42112bc445b143759f52c4f6267ca0?source=MCF&event=Search,2026-01-14
INNOMFG PTE. LTD.,Senior Sales and Project Engineering Manager,North,"$7,600to$8,400 Monthly",Full Time,Senior Management,Engineering ...,10 applications,Posted 8 days ago,sales engineer precision,https://www.mycareersfuture.gov.sg/job/engineering/senior-sales-project-engineering-manager-innomfg-735999f606e3a588de7514692294a7c4?source=MCF&event=Search,2026-01-14
PBA SYSTEMS PTE LTD,Sales Engineer,North,"$1,500to$3,500 Monthly",Full Time,Junior Executive,Sales / Retail,3 applications,Posted 9 days ago,sales engineer precision,https://www.mycareersfuture.gov.sg/job/sales/sales-engineer-pba-systems-b0b75dde27079dce23c1776c8d5c34a9?source=MCF&event=Search,2026-01-14
TALENT TRADER GROUP PTE. LTD.,Urgent: Project Management Manager (Precision Engineering),Islandwide,"$6,000to$7,500 Monthly",Permanent,Manager,Engineering ...,22 applications,Posted 14 days ago,sales engineer precision,https://www.mycareersfuture.gov.sg/job/engineering/urgent-project-management-manager-talent-trader-group-72cd264d790a704cbc0e81f094018eb4?source=MCF&event=Search,2026-01-14
GCL GLOBAL PTE. LTD.,Senior Accountant,North,"$5,500to$7,000 Monthly",Full Time,Professional,Accounting / Auditing / Taxation,28 applications,Posted 2 days ago,sales engineer precision,https://www.mycareersfuture.gov.sg/job/accounting/senior-accountant-gcl-global-81aa30b159ca01445fca0d4fc20914eb?source=MCF&event=SuggestedJob,2026-01-14
LANYU ENGINEERING PTE. LTD.,Manufacturing Sales Engineer,West,"$4,000to$6,000 Monthly",Full Time,Junior Executive,Engineering ...,8 applications,Posted 14 days ago,sales engineer precision,https://www.mycareersfuture.gov.sg/job/engineering/manufacturing-sales-engineer-lanyu-engineering-fc20ee0684eff8a10fec2aba4ef2acc8?source=MCF&event=Search,2026-01-14
JOB EXPRESS SERVICES PTE. LTD.,Sales Engineer (with own Vehicle),West,"$2,800to$4,000 Monthly",Full Time,Executive,Engineering ...,2 applications,Posted 16 days ago,sales engineer precision,https://www.mycareersfuture.gov.sg/job/engineering/sales-engineer-job-express-services-d4f6e72aa01aeeb471a4dbbdaba9e050?source=MCF&event=Search,2026-01-14
A & ONE PRECISION ENGINEERING PTE. LTD.,Buyer @ Loyang,East,"$2,800to$3,300 Monthly",Permanent,Junior Executive,Manufacturing,6 applications,Posted 16 days ago,sales engineer precision,https://www.mycareersfuture.gov.sg/job/manufacturing/buyer-loyang-one-precision-engineering-f4bcb0d963ec302323cce923beb62cb5?source=MCF&event=Search,2026-01-14
A & ONE PRECISION ENGINEERING PTE. LTD.,Sales Engineer,Islandwide,"$2,800to$3,500 Monthly",Full Time,Executive,Manufacturing,2 applications,Posted 19 days ago,sales engineer precision,https://www.mycareersfuture.gov.sg/job/manufacturing/sales-engineer-one-precision-engineering-1ed839fec45578a6f963f3685b7800a8?source=MCF&event=Search,2026-01-14
GOLDBELL LEASING PTE LTD,Sales Support Engineer (Material Handling Equipment),West,"$4,000to$5,300 Monthly",Permanent ...,Executive,Consulting ...,11 applications,Posted 21 days ago,sales engineer precision,https://www.mycareersfuture.gov.sg/job/consulting/sales-support-engineer-goldbell-leasing-bdce7b666996544f5bc509ae7f68d414?source=MCF&event=Search,2026-01-14
GMP TECHNOLOGIES (S) PTE LTD,Program Manager (Precision Engineering),Central,"$6,000to$8,000 Monthly",Permanent ...,Executive,Engineering,12 applications,Posted 22 days ago,sales engineer precision,https://www.mycareersfuture.gov.sg/job/engineering/program-manager-gmp-technologies-cb924837fc4eb60b8e170a227cd842c8?source=MCF&event=Search,2026-01-14
THE TALENT PEOPLE PTE. LTD.,Sales & Marketing Engineer,East,"$3,000to$5,000 Monthly",Full Time,Non-executive,Precision Engineering,0 application,Posted 22 days ago,sales engineer precision,https://www.mycareersfuture.gov.sg/job/precision-engineering/sales-marketing-engineer-talent-people-d53ab6f62b7c43d4ca7db1ad9e9be10c?source=MCF&event=Search,2026-01-14
AKS ENGINEERING SERVICES PTE. LTD.,Part-Time Sales Executive  /  Salesman (Commission-Based),North,"$1,000to$3,000 Monthly",Part Time,Non-executive,Sales / Retail,12 applications,Posted 23 days ago,sales engineer precision,https://www.mycareersfuture.gov.sg/job/sales/part-time-sales-executive-salesman-aks-engineering-services-dc8032d5733dd382cf6e482e7a842883?source=MCF&event=Search,2026-01-14
THE TALENT PEOPLE PTE. LTD.,Sales Engineer (Outside Sales),Islandwide,"$4,000to$5,000 Monthly",Full Time,Non-executive,Engineering ...,6 applications,Posted 23 days ago,sales engineer precision,https://www.mycareersfuture.gov.sg/job/engineering/sales-engineer-talent-people-48106a0e71c2c170662c0364cc1bb9e3?source=MCF&event=Search,2026-01-14
ST ENGINEERING ADVANCED NETWORKS & SENSORS PTE. LTD.,Assistant Sales Manager,West,"$5,000to$7,000 Monthly",Full Time,Senior Executive,Sales / Retail,12 applications,Posted 27 days ago,sales engineer precision,https://www.mycareersfuture.gov.sg/job/sales/assistant-sales-manager-st-engineering-advanced-networks-sensors-51e0ff509d406ed1eb78c8548bd4b0dd?source=MCF&event=Search,2026-01-14
QIAN CHENG ENGINEERING,Sales Engineer,North,"$2,000to$3,500 Monthly",Full Time,Professional,Sales / Retail ...,1 application,Posted 28 days ago,sales engineer precision,https://www.mycareersfuture.gov.sg/job/sales/sales-engineer-qian-cheng-engineering-37da74e6490cc3dc9f19b7bb613446f8?source=MCF&event=Search,2026-01-14
QIAN CHENG TECHNOLOGY PTE. LTD.,Sales Engineer,North,"$2,000to$3,500 Monthly",Full Time,Professional,Sales / Retail ...,2 applications,Posted 28 days ago,sales engineer precision,https://www.mycareersfuture.gov.sg/job/sales/sales-engineer-qian-cheng-technology-3af2241e277e8cb002b64f3a7ae52b95?source=MCF&event=Search,2026-01-14
PEOPLE PROFILERS PTE. LTD.,Sales Engineer (Automation /  Precision Motion Industry),Central,"$5,000to$7,000 Monthly",Permanent,Professional,Engineering ...,5 applications,Posted 29 days ago,sales engineer precision,https://www.mycareersfuture.gov.sg/job/engineering/sales-engineer-people-profilers-a621c8efcedf596b3f5442963cf31d86?source=MCF&event=Search,2026-01-14
ACOT PRECISION ENGINEERING PTE. LTD.,Assistant Project Engineer,South,"$2,500to$3,000 Monthly",Permanent,Executive,Manufacturing ...,2 applications,Posted 30 days ago,sales engineer precision,https://www.mycareersfuture.gov.sg/job/manufacturing/assistant-project-engineer-acot-precision-engineering-5f61681d8cb87b41f0452be2fd549570?source=MCF&event=Search,2026-01-14
GD PRECISION PTE. LTD.,Project Engineer,North,"$2,500to$4,000 Monthly",Full Time,Senior Executive,Precision Engineering,5 applications,Posted 30 days ago,sales engineer precision,https://www.mycareersfuture.gov.sg/job/precision-engineering/project-engineer-gd-precision-f7179fb622430f263d110be711e31f74?source=MCF&event=Search,2026-01-14
A & ONE PRECISION ENGINEERING PTE. LTD.,Technical Sales & Project Specialist,West,"$3,000to$3,500 Monthly",Full Time,Executive,Engineering,0 application,Posted 30 days ago,sales engineer precision,https://www.mycareersfuture.gov.sg/job/engineering/technical-sales-project-specialist-one-precision-engineering-68d2aa2883895d5f6f8ffbc24bfe2643?source=MCF&event=Search,2026-01-14
A & ONE PRECISION ENGINEERING PTE. LTD.,Sales Manager,Islandwide,"$4,000to$5,500 Monthly",Permanent,Manager,Manufacturing,8 applications,Posted 30 days ago,sales engineer precision,https://www.mycareersfuture.gov.sg/job/manufacturing/sales-manager-one-precision-engineering-376117a9d3bc1266250f1005465f063a?source=MCF&event=Search,2026-01-14
BUSINESS EDGE PERSONNEL SERVICES PTE LTD,Admin Receptionist,Central,"$3,000to$4,500 Monthly",Full Time,Junior Executive,Admin / Secretarial,68 applications,Posted 2 days ago,estimator CNC,https://www.mycareersfuture.gov.sg/job/admin/admin-receptionist-business-edge-personnel-services-68b5c9961b9ab624b36f2ccca4793c82?source=MCF&event=SuggestedJob,2026-01-14
GOLDVEIN PTE. LTD.,Group Finance Manager,Central,"$8,000to$10,000 Monthly",Permanent,Senior Management,Accounting / Auditing / Taxation,51 applications,Posted 2 days ago,estimator CNC,https://www.mycareersfuture.gov.sg/job/accounting/group-finance-manager-goldvein-1cfb49285695c5705b1df03e42d94360?source=MCF&event=SuggestedJob,2026-01-14
MTC CONSULTING PTE. LTD.,Quotation Engineer,North,"$3,000to$4,500 Monthly",Permanent,Junior Executive,Engineering,1 application,Posted 8 days ago,quotation engineer,https://www.mycareersfuture.gov.sg/job/engineering/quotation-engineer-mtc-consulting-572f16e7578f8e0b91a87a673fc65187?source=MCF&event=Search,2026-01-14
RAW TECHNOLOGIES PTE. LTD.,Quotation Engineer,North,"$3,000to$6,000 Monthly",Full Time,Executive,Precision Engineering,1 application,Posted 9 days ago,quotation engineer,https://www.mycareersfuture.gov.sg/job/precision-engineering/quotation-engineer-raw-technologies-b7b0ad3ce14e0078b7385a4deb5086e5?source=MCF&event=Search,2026-01-14
NAFA SYSTEM SERVICES PTE LTD,Admin Assistant,East,"$2,500to$3,000 Monthly",Permanent ...,Non-executive,Admin / Secretarial,33 applications,Posted 2 days ago,quotation engineer,https://www.mycareersfuture.gov.sg/job/admin/admin-assistant-nafa-system-services-344e431e25b737b93cb87987505dfd5a?source=MCF&event=SuggestedJob,2026-01-14
LINKEDCORP HR CONSULTANCY PTE. LTD.,"Quotation Engineer[Woodland /  cost estimation, quotations, or manufacturing processes /  AutoCAD, SolidWorks / CNC machining and general manufacturing operations.]",Central,"$3,000to$4,500 Monthly",Permanent ...,Junior Executive,Engineering ...,4 applications,Posted 19 days ago,quotation engineer,https://www.mycareersfuture.gov.sg/job/engineering/quotation-engineerwoodland-cost-estimation-quotations-manufacturing-processes-autocad-solidworks-cnc-machining-general-manufacturing-operations-linkedcorp-hr-consultancy-ab4771fa41024e0a542df8379f5a8ba5?source=MCF&event=Search,2026-01-14
TATA COMMUNICATIONS INTERNATIONAL PTE. LTD.,Global Brand & Regional Marketing Head,North,"$17,000to$24,000 Monthly",Permanent ...,Senior Management,Marketing / Public Relations,39 applications,Posted 2 days ago,quotation engineer,https://www.mycareersfuture.gov.sg/job/marketing/global-brand-regional-marketing-head-tata-communications-international-e1160806280f2619d96ff1dcb6b31a4f?source=MCF&event=SuggestedJob,2026-01-14
PELYNOOBAKES PTE. LTD.,Part Time Cookie Packer,North,"$1,760to$1,800 Monthly",Temporary,Fresh/entry level,F&B,10 applications,Posted 3 days ago,quotation engineer,https://www.mycareersfuture.gov.sg/job/food-and-beverage/part-time-cookie-packer-pelynoobakes-d80ca9de9bc1558965a3def7b41b75b6?source=MCF&event=SuggestedJob,2026-01-14
RANDSTAD PTE. LIMITED,Executive Assistant,Central,"$5,500to$7,500 Monthly",Permanent,Senior Executive,Admin / Secretarial,125 applications,Posted 4 days ago,quotation engineer,https://www.mycareersfuture.gov.sg/job/admin/executive-assistant-randstad-e4a48fba80b9fe4999012db3678a268a?source=MCF&event=SuggestedJob,2026-01-14
RAPIDO LOGISTICS PTE. LTD.,LOGISTICS MANAGER,Central,"$7,500to$11,000 Monthly",Full Time,Manager,Logistics / Supply Chain,78 applications,Posted 4 days ago,quotation engineer,https://www.mycareersfuture.gov.sg/job/logistics/logistics-manager-rapido-logistics-a31c128f720657a45546800411226eef?source=MCF&event=SuggestedJob,2026-01-14
SINOLOGISTICS  OVERSEAS PTE. LTD.,Senior Accountant,Central,"$4,000to$6,000 Monthly",Full Time,Manager,Accounting / Auditing / Taxation,30 applications,Posted 3 days ago,quotation engineer,https://www.mycareersfuture.gov.sg/job/accounting/senior-accountant-sinologistics-overseas-49d00a546268a9933295d66d2eefd6e0?source=MCF&event=SuggestedJob,2026-01-14
BUSINESS EDGE PERSONNEL SERVICES PTE LTD,Admin Receptionist,Central,"$3,000to$4,500 Monthly",Full Time,Junior Executive,Admin / Secretarial,68 applications,Posted 2 days ago,quotation engineer,https://www.mycareersfuture.gov.sg/job/admin/admin-receptionist-business-edge-personnel-services-68b5c9961b9ab624b36f2ccca4793c82?source=MCF&event=SuggestedJob,2026-01-14
GCL GLOBAL PTE. LTD.,Senior Accountant,North,"$5,500to$7,000 Monthly",Full Time,Professional,Accounting / Auditing / Taxation,28 applications,Posted 2 days ago,quotation engineer,https://www.mycareersfuture.gov.sg/job/accounting/senior-accountant-gcl-global-81aa30b159ca01445fca0d4fc20914eb?source=MCF&event=SuggestedJob,2026-01-14
GOLDVEIN PTE. LTD.,Group Finance Manager,Central,"$8,000to$10,000 Monthly",Permanent,Senior Management,Accounting / Auditing / Taxation,51 applications,Posted 2 days ago,quotation engineer,https://www.mycareersfuture.gov.sg/job/accounting/group-finance-manager-goldvein-1cfb49285695c5705b1df03e42d94360?source=MCF&event=SuggestedJob,2026-01-14
LATE APRIL PTE. LTD.,Accountant (Family Office),East,"$3,000to$4,500 Monthly",Part Time ...,Senior Executive,Accounting / Auditing / Taxation,33 applications,Posted 4 days ago,quotation engineer,https://www.mycareersfuture.gov.sg/job/accounting/accountant-late-april-a175242e2d1ac509eca9e377e1e4d27b?source=MCF&event=SuggestedJob,2026-01-14
RECRUIT EXPRESS PTE LTD,"*New* Admin Assistant (Office Hours, 5 Days, No Experience Required – Training Provided) #HJG",Central,"$1,500to$3,500 Monthly",Temporary ...,Fresh/entry level,Admin / Secretarial ...,61 applications,Posted 3 days ago,quotation engineer,https://www.mycareersfuture.gov.sg/job/admin/new-admin-assistant-hjg-recruit-express-be9059d435b80b8948c3d4f28c179b41?source=MCF&event=SuggestedJob,2026-01-14
APCO WORLDWIDE ADVISORY SERVICES PTE. LIMITED,Executive Assistant,Central,"$4,000to$7,500 Monthly",Permanent,Executive,Admin / Secretarial,40 applications,Posted 2 days ago,quotation engineer,https://www.mycareersfuture.gov.sg/job/admin/executive-assistant-apco-worldwide-advisory-services-fc627909f340d43f1afae4c7e132a4a2?source=MCF&event=SuggestedJob,2026-01-14
JCPARTNERS PAC,Admin Executive,Central,"$3,000to$3,300 Monthly",Full Time,Executive,Accounting / Auditing / Taxation ...,49 applications,Posted 2 days ago,quotation engineer,https://www.mycareersfuture.gov.sg/job/accounting/admin-executive-jcpartners-pac-3b44509476f59e30dd2ed9920629867d?source=MCF&event=SuggestedJob,2026-01-14
LUMINARY SERVICE PTE. LTD.,Finance Manager,Central,"$9,000to$16,800 Monthly",Full Time,Manager,Accounting / Auditing / Taxation ...,125 applications,Posted 2 days ago,quotation engineer,https://www.mycareersfuture.gov.sg/job/accounting/finance-manager-luminary-service-0f6794aeb93a1f1865b4846ee47d5f22?source=MCF&event=SuggestedJob,2026-01-14
LUMINARY SERVICE PTE. LTD.,HR Manager,Central,"$7,000to$12,800 Monthly",Full Time,Manager,Admin / Secretarial ...,72 applications,Posted 2 days ago,quotation engineer,https://www.mycareersfuture.gov.sg/job/admin/hr-manager-luminary-service-9bbf9bb553a62eebf88766dd89599413?source=MCF&event=SuggestedJob,2026-01-14
HEARTLAND FAMILY CLINIC PTE. LTD.,Patient Service Associate  /  Clinic Assistant (Permanent Part-time),North,"$200to$2,600 Monthly",Part Time,Fresh/entry level,Admin / Secretarial ...,23 applications,Posted 2 days ago,quotation engineer,https://www.mycareersfuture.gov.sg/job/admin/patient-service-associate-clinic-assistant-heartland-family-clinic-d7e7af2fa4cb7cceeffdb111ec84accc?source=MCF&event=SuggestedJob,2026-01-14
MIDAS ENVIRONMENT BUILDER PTE. LTD.,Admin Cum Account,North,"$2,800to$4,200 Monthly",Part Time ...,Senior Executive,Accounting / Auditing / Taxation,7 applications,Posted 2 days ago,quotation engineer,https://www.mycareersfuture.gov.sg/job/accounting/admin-cum-account-midas-environment-builder-4496d8436d598cc1cd4ed41fee15e709?source=MCF&event=SuggestedJob,2026-01-14
2KBROS ENGINEERING PTE. LTD.,Accounts & HR Admin Executive,Central,"$2,500to$4,500 Monthly",Permanent,Junior Executive,Accounting / Auditing / Taxation ...,28 applications,Posted 4 days ago,quotation engineer,https://www.mycareersfuture.gov.sg/job/accounting/accounts-hr-admin-executive-2kbros-engineering-aa4f476d223e9e570976859b9a76d49b?source=MCF&event=SuggestedJob,2026-01-14
COZY CREATIONS MANUFACTURING PTE. LTD.,WAREHOUSE SUPERVISOR,East,"$3,000to$5,000 Monthly",Full Time,Middle Management,Logistics / Supply Chain,33 applications,Posted 4 days ago,quotation engineer,https://www.mycareersfuture.gov.sg/job/logistics/warehouse-supervisor-cozy-creations-manufacturing-5e298640e2a29acb34297133f59f4e75?source=MCF&event=SuggestedJob,2026-01-14
